"Alter","Dauer","dBDI"
36,23,35.4133736201296
42,15,17.478585659443
54,20,17.8124345706315
74,14,-5.24685431224706
32,15,17.6876719633861
74,17,-2.35464467328047
77,12,-9.67014647783977
60,17,10.2259252767157
58,22,19.6749566660838
24,16,29.2965219931279
32,18,26.3216472590754
31,19,25.9879567625217
61,18,5.84907259275594
43,14,11.0073313495911
66,22,15.822505340894
50,20,21.9600611157646
63,22,11.2091175739532
80,13,-8.76420481887343
43,21,27.9733321510086
67,17,8.40606161243692
